 "Manzana","Zona"
"1973","zona 8 a pie"
"1063","zona 1"
"1064","zona 1"
"1065","zona 1"
"1066","zona 1"
"1067","zona 1"
"1068","zona 1"
"1069","zona 1"
"1070","zona 1"
"1071","zona 1"
"1072","zona 1"
"1073","zona 1"
"1074","zona 1"
"1075","zona 1"
"1077","zona 1"
"1078","zona 1"
"1079","zona 1"
"1080","zona 1"
"343","zona 1"
"344","zona 1"
"345","zona 1"
"346","zona 1"
"347","zona 1"
"348","zona 1"
"349","zona 1"
"350","zona 1"
"351","zona 1"
"352","zona 1"
"353","zona 1"
"354","zona 1"
"355","zona 1"
"356","zona 1"
"357","zona 1"
"358","zona 1"
"359","zona 1"
"420","zona 1"
"421","zona 1"
"422","zona 1"
"423","zona 1"
"424","zona 1"
"425","zona 1"
"426","zona 1"
"427","zona 1"
"428","zona 1"
"429","zona 1"
"430","zona 1"
"431","zona 1"
"432","zona 1"
"433","zona 1"
"434","zona 1"
"435","zona 1"
"436","zona 1"
"437","zona 1"
"438","zona 1"
"508","zona 1"
"509","zona 1"
"510","zona 1"
"511","zona 1"
"512","zona 1"
"513","zona 1"
"514","zona 1"
"515","zona 1"
"516","zona 1"
"517","zona 1"
"518","zona 1"
"519","zona 1"
"520","zona 1"
"521","zona 1"
"522","zona 1"
"523","zona 1"
"524","zona 1"
"525","zona 1"
"603","zona 1"
"604","zona 1"
"605","zona 1"
"606","zona 1"
"607","zona 1"
"608","zona 1"
"609","zona 1"
"610","zona 1"
"611","zona 1"
"612","zona 1"
"613","zona 1"
"614","zona 1"
"615","zona 1"
"616","zona 1"
"617","zona 1"
"618","zona 1"
"619","zona 1"
"620","zona 1"
"706","zona 1"
"707","zona 1"
"708","zona 1"
"709","zona 1"
"710","zona 1"
"711","zona 1"
"712","zona 1"
"713","zona 1"
"714","zona 1"
"715","zona 1"
"716","zona 1"
"717","zona 1"
"719","zona 1"
"720","zona 1"
"721","zona 1"
"722","zona 1"
"723","zona 1"
"7771","zona 8 a pie"
"817","zona 1"
"818","zona 1"
"819","zona 1"
"820","zona 1"
"821","zona 1"
"822","zona 1"
"823","zona 1"
"824","zona 1"
"825","zona 1"
"826","zona 1"
"827","zona 1"
"828","zona 1"
"829","zona 1"
"831","zona 1"
"832","zona 1"
"833","zona 1"
"936","zona 1"
"937","zona 1"
"938","zona 1"
"939","zona 1"
"940","zona 1"
"941","zona 1"
"942","zona 1"
"943","zona 1"
"944","zona 1"
"945","zona 1"
"946","zona 1"
"947","zona 1"
"948","zona 1"
"949","zona 1"
"950","zona 1"
"951","zona 1"
"952","zona 1"
"953","zona 1"
"1029","zona 3"
"1030","zona 3"
"1031","zona 3"
"1032","zona 3"
"1162","zona 3"
"1163","zona 3"
"1164","zona 3"
"1165","zona 3"
"1303","zona 3"
"1304","zona 3"
"1305","zona 3"
"1306","zona 3"
"1452","zona 3"
"1453","zona 3"
"1454","zona 3"
"1455","zona 3"
"1609","zona 3"
"1610","zona 3"
"1611","zona 3"
"1612","zona 3"
"1774","zona 3"
"1775","zona 3"
"1776","zona 3"
"1777","zona 3"
"1947","zona 3"
"1948","zona 3"
"1949","zona 3"
"1950","zona 3"
"2128","zona 3"
"2129","zona 3"
"2130","zona 3"
"2131","zona 3"
"2317","zona 3"
"2318","zona 3"
"2319","zona 3"
"2320","zona 3"
"2514","zona 3"
"2515","zona 3"
"2516","zona 3"
"2517","zona 3"
"2719","zona 3"
"2720","zona 3"
"2721","zona 3"
"2722","zona 3"
"2932","zona 3"
"2933","zona 3"
"2934","zona 3"
"2935","zona 3"
"3153","zona 3"
"3154","zona 3"
"485","zona 3"
"486","zona 3"
"487","zona 3"
"578","zona 3"
"579","zona 3"
"580","zona 3"
"678","zona 3"
"679","zona 3"
"680","zona 3"
"681","zona 3"
"787","zona 3"
"788","zona 3"
"789","zona 3"
"790","zona 3"
"904","zona 3"
"905","zona 3"
"906","zona 3"
"907","zona 3"
"1046","zona 4"
"1047","zona 4"
"1048","zona 4"
"1049","zona 4"
"1179","zona 4"
"1180","zona 4"
"1181","zona 4"
"1182","zona 4"
"1320","zona 4"
"1321","zona 4"
"1322","zona 4"
"1323","zona 4"
"1469","zona 4"
"1470","zona 4"
"1471","zona 4"
"1472","zona 4"
"1625","zona 4"
"1627","zona 4"
"1628","zona 4"
"1629","zona 4"
"1791","zona 4"
"1792","zona 4"
"1793","zona 4"
"1794","zona 4"
"1964","zona 4"
"1965","zona 4"
"1966","zona 4"
"1967","zona 4"
"2144","zona 4"
"2145","zona 4"
"2146","zona 4"
"2147","zona 4"
"2334","zona 4"
"2335","zona 4"
"2336","zona 4"
"2337","zona 4"
"501","zona 2"
"502","zona 2"
"503","zona 2"
"504","zona 2"
"594","zona 2"
"595","zona 2"
"596","zona 2"
"597","zona 2"
"695","zona 4"
"696","zona 4"
"697","zona 4"
"698","zona 4"
"804","zona 4"
"805","zona 4"
"806","zona 4"
"807","zona 4"
"921","zona 4"
"922","zona 4"
"923","zona 4"
"924","zona 4"
"107","zona 2"
"108","zona 2"
"109","zona 2"
"110","zona 2"
"111","zona 2"
"112","zona 2"
"113","zona 2"
"114","zona 2"
"115","zona 2"
"116","zona 2"
"117","zona 2"
"152","zona 2"
"153","zona 2"
"154","zona 2"
"155","zona 2"
"156","zona 2"
"157","zona 2"
"158","zona 2"
"159","zona 2"
"160","zona 2"
"161","zona 2"
"162","zona 2"
"163","zona 2"
"164","zona 2"
"20","zona 8 a pie"
"205","zona 2"
"206","zona 2"
"207","zona 2"
"208","zona 2"
"209","zona 2"
"21","zona 2"
"210","zona 2"
"211","zona 2"
"212","zona 2"
"213","zona 2"
"214","zona 2"
"215","zona 2"
"216","zona 2"
"217","zona 2"
"218","zona 2"
"219","zona 2"
"22","zona 2"
"23","zona 2"
"24","zona 2"
"266","zona 2"
"267","zona 2"
"268","zona 2"
"269","zona 2"
"270","zona 2"
"271","zona 2"
"272","zona 2"
"273","zona 2"
"274","zona 2"
"275","zona 2"
"276","zona 2"
"277","zona 2"
"278","zona 2"
"279","zona 2"
"280","zona 2"
"281","zona 2"
"282","zona 2"
"335","zona 2"
"336","zona 2"
"337","zona 2"
"338","zona 2"
"339","zona 2"
"340","zona 2"
"341","zona 2"
"342","zona 2"
"41","zona 8 a pie"
"412","zona 2"
"413","zona 2"
"414","zona 2"
"415","zona 2"
"416","zona 2"
"417","zona 2"
"418","zona 2"
"419","zona 2"
"42","zona 2"
"43","zona 2"
"44","zona 2"
"45","zona 2"
"46","zona 2"
"47","zona 2"
"7","zona 8 a pie"
"70","zona 8 a pie"
"71","zona 2"
"72","zona 2"
"73","zona 2"
"74","zona 2"
"75","zona 2"
"76","zona 2"
"77","zona 2"
"78","zona 2"
"8","zona 8 a pie"
"8046","zona 2"
"9","zona 8 a pie"
"103","zona 2"
"1033","zona 3"
"1034","zona 3"
"1035","zona 3"
"1036","zona 3"
"104","zona 2"
"105","zona 2"
"106","zona 2"
"1166","zona 3"
"1167","zona 3"
"1168","zona 3"
"1169","zona 3"
"1307","zona 3"
"1308","zona 3"
"1309","zona 3"
"1310","zona 3"
"1456","zona 3"
"1457","zona 3"
"1458","zona 3"
"1459","zona 3"
"148","zona 2"
"149","zona 2"
"150","zona 2"
"151","zona 2"
"16","zona 8 a pie"
"1613","zona 3"
"1614","zona 3"
"1615","zona 3"
"1616","zona 3"
"17","zona 8 a pie"
"1778","zona 3"
"1779","zona 3"
"1780","zona 3"
"1781","zona 3"
"18","zona 8 a pie"
"19","zona 8 a pie"
"1951","zona 3"
"1952","zona 3"
"1953","zona 3"
"1954","zona 3"
"200","zona 2"
"201","zona 2"
"202","zona 2"
"203","zona 2"
"204","zona 2"
"2132","zona 3"
"2133","zona 3"
"2134","zona 3"
"2135","zona 3"
"2321","zona 3"
"2322","zona 3"
"2323","zona 3"
"2324","zona 3"
"2518","zona 3"
"2519","zona 3"
"2520","zona 3"
"2521","zona 3"
"261","zona 2"
"262","zona 2"
"263","zona 2"
"264","zona 2"
"265","zona 2"
"2723","zona 3"
"2724","zona 3"
"2725","zona 3"
"2726","zona 3"
"2936","zona 3"
"2937","zona 3"
"2938","zona 3"
"330","zona 2"
"331","zona 2"
"332","zona 2"
"333","zona 2"
"334","zona 2"
"38","zona 8 a pie"
"39","zona 8 a pie"
"40","zona 8 a pie"
"407","zona 2"
"408","zona 2"
"409","zona 2"
"410","zona 2"
"411","zona 2"
"488","zona 3"
"489","zona 3"
"490","zona 3"
"491","zona 3"
"5","zona 8 a pie"
"581","zona 3"
"582","zona 3"
"583","zona 3"
"584","zona 3"
"6","zona 8 a pie"
"65","zona 8 a pie"
"66","zona 8 a pie"
"67","zona 8 a pie"
"68","zona 8 a pie"
"682","zona 3"
"683","zona 3"
"684","zona 3"
"685","zona 3"
"69","zona 8 a pie"
"791","zona 3"
"792","zona 3"
"793","zona 3"
"794","zona 3"
"908","zona 3"
"909","zona 3"
"910","zona 3"
"911","zona 3"
"9588","zona 2"
"1081","zona 5"
"1082","zona 5"
"1083","zona 5"
"1084","zona 5"
"1085","zona 5"
"1086","zona 5"
"1087","zona 5"
"1088","zona 5"
"1089","zona 5"
"1090","zona 5"
"1091","zona 5"
"1092","zona 5"
"1093","zona 5"
"1094","zona 5"
"1095","zona 5"
"1096","zona 5"
"1097","zona 5"
"1227","zona 6"
"1228","zona 6"
"1229","zona 6"
"1230","zona 6"
"1231","zona 6"
"1233","zona 6"
"1234","zona 6"
"1372","zona 6"
"1373","zona 6"
"1374","zona 6"
"1375","zona 6"
"1376","zona 6"
"1377","zona 6"
"1378","zona 6"
"1379","zona 6"
"1525","zona 6"
"1526","zona 6"
"1527","zona 6"
"1528","zona 6"
"1529","zona 6"
"1530","zona 6"
"1531","zona 6"
"1532","zona 6"
"1686","zona 6"
"1687","zona 6"
"1688","zona 6"
"1689","zona 6"
"1690","zona 6"
"1691","zona 6"
"1692","zona 6"
"1693","zona 6"
"1855","zona 6"
"1856","zona 6"
"1857","zona 6"
"1858","zona 6"
"1859","zona 6"
"1860","zona 6"
"1861","zona 6"
"1862","zona 6"
"2032","zona 6"
"2033","zona 6"
"2034","zona 6"
"2035","zona 6"
"2036","zona 6"
"2037","zona 6"
"2038","zona 6"
"2039","zona 6"
"2217","zona 6"
"2218","zona 6"
"2219","zona 6"
"2220","zona 6"
"2221","zona 6"
"2222","zona 6"
"2224","zona 6"
"2412","zona 6"
"2413","zona 6"
"2414","zona 6"
"2415","zona 6"
"2416","zona 6"
"2417","zona 6"
"2613","zona 6"
"2614","zona 6"
"2615","zona 6"
"2616","zona 6"
"2617","zona 6"
"2618","zona 6"
"2820","zona 6"
"2821","zona 6"
"2822","zona 6"
"2823","zona 6"
"2824","zona 6"
"2825","zona 6"
"2826","zona 6"
"2827","zona 6"
"360","zona 5"
"361","zona 5"
"362","zona 5"
"439","zona 5"
"440","zona 5"
"441","zona 5"
"442","zona 5"
"443","zona 5"
"527","zona 5"
"528","zona 5"
"529","zona 5"
"530","zona 5"
"531","zona 5"
"532","zona 5"
"621","zona 5"
"622","zona 5"
"623","zona 5"
"624","zona 5"
"625","zona 5"
"626","zona 5"
"627","zona 5"
"628","zona 5"
"629","zona 5"
"724","zona 5"
"725","zona 5"
"726","zona 5"
"727","zona 5"
"728","zona 5"
"729","zona 5"
"730","zona 5"
"731","zona 5"
"732","zona 5"
"733","zona 5"
"734","zona 5"
"835","zona 5"
"836","zona 5"
"837","zona 5"
"838","zona 5"
"839","zona 5"
"840","zona 5"
"841","zona 5"
"842","zona 5"
"843","zona 5"
"844","zona 5"
"845","zona 5"
"846","zona 5"
"847","zona 5"
"954","zona 5"
"955","zona 5"
"956","zona 8 a pie"
"958","zona 5"
"959","zona 5"
"960","zona 5"
"961","zona 5"
"962","zona 5"
"963","zona 5"
"964","zona 5"
"965","zona 5"
"966","zona 5"
"967","zona 5"
"968","zona 5"
"1098","zona 5"
"1099","zona 5"
"1100","zona 5"
"1101","zona 5"
"1102","zona 5"
"1103","zona 5"
"1104","zona 5"
"1105","zona 5"
"120","zona 5"
"121","zona 5"
"122","zona 5"
"123","zona 5"
"1235","zona 6"
"1236","zona 6"
"1237","zona 6"
"1238","zona 6"
"1239","zona 6"
"124","zona 5"
"1240","zona 6"
"1241","zona 6"
"1242","zona 6"
"125","zona 5"
"126","zona 5"
"1380","zona 6"
"1381","zona 6"
"1382","zona 6"
"1383","zona 6"
"1384","zona 6"
"1385","zona 6"
"1386","zona 6"
"1387","zona 6"
"1533","zona 6"
"1534","zona 6"
"1535","zona 6"
"1536","zona 6"
"1537","zona 6"
"1538","zona 6"
"1539","zona 6"
"1540","zona 6"
"167","zona 5"
"168","zona 5"
"169","zona 5"
"1694","zona 6"
"1695","zona 6"
"1696","zona 6"
"1697","zona 6"
"1698","zona 6"
"1699","zona 6"
"170","zona 5"
"1700","zona 6"
"1701","zona 6"
"171","zona 5"
"172","zona 5"
"173","zona 5"
"174","zona 5"
"175","zona 5"
"1863","zona 6"
"1864","zona 6"
"1865","zona 6"
"1866","zona 6"
"1867","zona 6"
"1868","zona 6"
"1869","zona 6"
"1870","zona 6"
"2040","zona 6"
"2041","zona 6"
"2042","zona 6"
"2043","zona 6"
"2044","zona 6"
"2045","zona 6"
"2046","zona 6"
"2047","zona 6"
"221","zona 5"
"222","zona 5"
"2225","zona 6"
"2226","zona 6"
"2227","zona 6"
"2228","zona 6"
"2229","zona 6"
"223","zona 5"
"2230","zona 6"
"2232","zona 6"
"224","zona 5"
"225","zona 5"
"226","zona 5"
"227","zona 5"
"228","zona 5"
"229","zona 5"
"230","zona 5"
"231","zona 5"
"232","zona 5"
"2418","zona 6"
"2419","zona 6"
"2420","zona 6"
"2422","zona 6"
"2423","zona 6"
"2424","zona 6"
"2425","zona 6"
"2619","zona 6"
"2620","zona 6"
"2622","zona 6"
"2623","zona 6"
"2624","zona 6"
"2625","zona 6"
"2626","zona 6"
"2828","zona 6"
"2829","zona 6"
"2830","zona 6"
"2831","zona 6"
"2832","zona 6"
"2833","zona 6"
"2834","zona 6"
"2835","zona 6"
"284","zona 5"
"285","zona 5"
"286","zona 5"
"287","zona 5"
"288","zona 5"
"289","zona 5"
"290","zona 5"
"291","zona 5"
"292","zona 5"
"293","zona 5"
"294","zona 5"
"295","zona 5"
"296","zona 5"
"297","zona 5"
"363","zona 5"
"364","zona 5"
"365","zona 5"
"366","zona 5"
"367","zona 5"
"368","zona 5"
"369","zona 5"
"370","zona 5"
"444","zona 5"
"445","zona 5"
"446","zona 5"
"447","zona 5"
"448","zona 5"
"449","zona 5"
"450","zona 5"
"451","zona 5"
"50","zona 5"
"51","zona 5"
"52","zona 5"
"533","zona 5"
"534","zona 5"
"535","zona 5"
"536","zona 5"
"537","zona 5"
"538","zona 5"
"539","zona 5"
"540","zona 5"
"630","zona 5"
"631","zona 5"
"632","zona 5"
"633","zona 5"
"634","zona 5"
"635","zona 5"
"636","zona 5"
"637","zona 5"
"735","zona 5"
"736","zona 5"
"737","zona 5"
"738","zona 5"
"739","zona 5"
"740","zona 5"
"741","zona 5"
"742","zona 5"
"79","zona 5"
"81","zona 5"
"82","zona 5"
"83","zona 5"
"84","zona 5"
"848","zona 5"
"849","zona 5"
"85","zona 5"
"850","zona 5"
"851","zona 5"
"852","zona 5"
"853","zona 5"
"854","zona 5"
"855","zona 5"
"969","zona 5"
"970","zona 5"
"971","zona 5"
"972","zona 5"
"973","zona 5"
"974","zona 5"
"975","zona 5"
"976","zona 5"
"1106","zona 7"
"1107","zona 7"
"1108","zona 7"
"1109","zona 7"
"1110","zona 7"
"1111","zona 7"
"1112","zona 7"
"1243","zona 6"
"1244","zona 6"
"1245","zona 6"
"1246","zona 6"
"1247","zona 6"
"1248","zona 6"
"1249","zona 6"
"1250","zona 6"
"1388","zona 6"
"1389","zona 6"
"1390","zona 6"
"1391","zona 6"
"1392","zona 6"
"1393","zona 6"
"1394","zona 6"
"1541","zona 6"
"1542","zona 6"
"1543","zona 6"
"1544","zona 6"
"1545","zona 6"
"1546","zona 6"
"1547","zona 6"
"1702","zona 6"
"1703","zona 6"
"1704","zona 6"
"1705","zona 6"
"1706","zona 6"
"1707","zona 6"
"1871","zona 6"
"1872","zona 6"
"1873","zona 6"
"1874","zona 6"
"1875","zona 6"
"1876","zona 6"
"2048","zona 6"
"2049","zona 6"
"2050","zona 6"
"2051","zona 6"
"2052","zona 6"
"2234","zona 6"
"233","zona 7"
"234","zona 7"
"235","zona 7"
"236","zona 7"
"237","zona 7"
"238","zona 7"
"239","zona 7"
"240","zona 7"
"241","zona 7"
"2426","zona 6"
"2427","zona 6"
"2627","zona 6"
"2628","zona 6"
"2629","zona 6"
"2836","zona 6"
"2837","zona 6"
"2838","zona 6"
"298","zona 7"
"299","zona 7"
"300","zona 7"
"301","zona 7"
"302","zona 7"
"303","zona 7"
"3038","zona 6"
"3039","zona 6"
"304","zona 7"
"3040","zona 6"
"3041","zona 6"
"3042","zona 6"
"3043","zona 6"
"3044","zona 6"
"3045","zona 6"
"3046","zona 6"
"3047","zona 6"
"3048","zona 6"
"3049","zona 6"
"305","zona 7"
"3050","zona 6"
"3051","zona 6"
"3052","zona 6"
"3053","zona 6"
"3054","zona 6"
"306","zona 7"
"307","zona 7"
"308","zona 7"
"3264","zona 6"
"3265","zona 6"
"3266","zona 6"
"3267","zona 6"
"3268","zona 6"
"3269","zona 6"
"3271","zona 6"
"3272","zona 6"
"3273","zona 6"
"3274","zona 6"
"3275","zona 6"
"3276","zona 6"
"3277","zona 6"
"3278","zona 6"
"3279","zona 6"
"3501","zona 6"
"3502","zona 6"
"3503","zona 6"
"3504","zona 6"
"3505","zona 6"
"371","zona 7"
"372","zona 7"
"373","zona 7"
"374","zona 7"
"3742","zona 6"
"3743","zona 6"
"3744","zona 6"
"3745","zona 6"
"3748","zona 6"
"375","zona 7"
"3752","zona 6"
"376","zona 7"
"377","zona 7"
"378","zona 7"
"379","zona 7"
"380","zona 7"
"381","zona 7"
"382","zona 7"
"383","zona 7"
"3991","zona 6"
"3992","zona 6"
"3993","zona 6"
"3994","zona 6"
"4248","zona 6"
"4249","zona 6"
"4250","zona 6"
"4251","zona 6"
"4252","zona 6"
"4253","zona 6"
"4254","zona 6"
"4514","zona 6"
"4515","zona 6"
"4516","zona 6"
"4517","zona 6"
"4518","zona 6"
"4519","zona 6"
"452","zona 7"
"4523","zona 6"
"453","zona 7"
"454","zona 7"
"455","zona 7"
"456","zona 7"
"457","zona 7"
"458","zona 7"
"459","zona 7"
"460","zona 7"
"461","zona 7"
"462","zona 7"
"465","zona 7"
"4786","zona 6"
"4787","zona 6"
"4788","zona 6"
"4789","zona 6"
"5065","zona 6"
"5067","zona 6"
"5068","zona 6"
"5069","zona 6"
"5356","zona 6"
"5357","zona 6"
"5358","zona 6"
"5363","zona 6"
"541","zona 7"
"542","zona 7"
"543","zona 7"
"544","zona 7"
"545","zona 7"
"546","zona 7"
"547","zona 7"
"548","zona 7"
"549","zona 7"
"550","zona 7"
"551","zona 7"
"5653","zona 6"
"5654","zona 6"
"5655","zona 6"
"5656","zona 6"
"5954","zona 6"
"5955","zona 6"
"5956","zona 6"
"5957","zona 6"
"5958","zona 6"
"5959","zona 6"
"5960","zona 6"
"5961","zona 6"
"5962","zona 6"
"5963","zona 6"
"5964","zona 6"
"5965","zona 6"
"6265","zona 6"
"638","zona 7"
"639","zona 7"
"640","zona 7"
"641","zona 7"
"642","zona 7"
"643","zona 7"
"644","zona 7"
"645","zona 7"
"646","zona 7"
"647","zona 7"
"743","zona 7"
"744","zona 7"
"745","zona 7"
"746","zona 7"
"747","zona 7"
"748","zona 7"
"749","zona 7"
"750","zona 7"
"751","zona 7"
"752","zona 7"
"856","zona 7"
"857","zona 7"
"858","zona 7"
"859","zona 7"
"860","zona 7"
"861","zona 7"
"862","zona 7"
"863","zona 7"
"864","zona 7"
"9004","zona 8 a pie"
"9500","zona 8 a pie"
"977","zona 7"
"978","zona 7"
"979","zona 7"
"980","zona 7"
"981","zona 7"
"982","zona 7"
"983","zona 7"
"984","zona 7"
"985","zona 7"
"1","zona 8 a pie"
"11","zona 8 a pie"
"12","zona 8 a pie"
"127","zona 7"
"128","zona 7"
"129","zona 7"
"13","zona 8 a pie"
"130","zona 7"
"131","zona 7"
"132","zona 7"
"133","zona 7"
"134","zona 7"
"135","zona 7"
"136","zona 8 a pie"
"137","zona 8 a pie"
"138","zona 8 a pie"
"139","zona 8 a pie"
"14","zona 8 a pie"
"15","zona 8 a pie"
"176","zona 7"
"177","zona 7"
"178","zona 7"
"179","zona 7"
"180","zona 7"
"181","zona 7"
"182","zona 7"
"183","zona 7"
"184","zona 7"
"185","zona 7"
"186","zona 7"
"187","zona 8 a pie"
"188","zona 8 a pie"
"189","zona 8 a pie"
"190","zona 8 a pie"
"191","zona 8 a pie"
"2","zona 8 a pie"
"242","zona 7"
"243","zona 7"
"244","zona 7"
"245","zona 7"
"246","zona 8 a pie"
"247","zona 8 a pie"
"248","zona 8 a pie"
"249","zona 8 a pie"
"250","zona 8 a pie"
"28","zona 8 a pie"
"29","zona 8 a pie"
"3","zona 8 a pie"
"30","zona 8 a pie"
"31","zona 8 a pie"
"32","zona 8 a pie"
"33","zona 8 a pie"
"34","zona 8 a pie"
"4","zona 8 a pie"
"53","zona 7"
"54","zona 7"
"55","zona 7"
"56","zona 7"
"57","zona 7"
"58","zona 8 a pie"
"61","zona 8 a pie"
"86","zona 7"
"87","zona 7"
"88","zona 7"
"89","zona 7"
"90","zona 7"
"91","zona 7"
"92","zona 7"
"93","zona 8 a pie"
"96","zona 8 a pie"
"1037","zona 4"
"1038","zona 4"
"1039","zona 4"
"1040","zona 4"
"1041","zona 4"
"1042","zona 4"
"1043","zona 4"
"1044","zona 4"
"1045","zona 4"
"1170","zona 4"
"1171","zona 4"
"1172","zona 4"
"1173","zona 4"
"1174","zona 4"
"1176","zona 4"
"1177","zona 4"
"1311","zona 4"
"1312","zona 4"
"1313","zona 4"
"1314","zona 4"
"1315","zona 4"
"1316","zona 4"
"1317","zona 4"
"1319","zona 4"
"1460","zona 4"
"1461","zona 4"
"1462","zona 4"
"1463","zona 4"
"1464","zona 4"
"1465","zona 4"
"1466","zona 4"
"1468","zona 4"
"1617","zona 4"
"1618","zona 4"
"1621","zona 4"
"1623","zona 4"
"1624","zona 4"
"1782","zona 4"
"1783","zona 4"
"1784","zona 4"
"1785","zona 4"
"1787","zona 4"
"1788","zona 4"
"1789","zona 4"
"1790","zona 4"
"1955","zona 4"
"1956","zona 4"
"1957","zona 4"
"1958","zona 4"
"1959","zona 4"
"1960","zona 4"
"1961","zona 4"
"1962","zona 4"
"1963","zona 4"
"2136","zona 4"
"2137","zona 4"
"2138","zona 4"
"2140","zona 4"
"2141","zona 4"
"2142","zona 4"
"2143","zona 4"
"2325","zona 4"
"2326","zona 4"
"2327","zona 4"
"2329","zona 4"
"2331","zona 4"
"2332","zona 4"
"2333","zona 4"
"2522","zona 4"
"2523","zona 4"
"2524","zona 4"
"2529","zona 4"
"2727","zona 4"
"2728","zona 4"
"2729","zona 4"
"2730","zona 4"
"492","zona 2"
"493","zona 2"
"494","zona 2"
"495","zona 2"
"496","zona 2"
"497","zona 2"
"498","zona 2"
"499","zona 2"
"500","zona 2"
"585","zona 2"
"586","zona 2"
"587","zona 2"
"588","zona 2"
"589","zona 2"
"590","zona 2"
"591","zona 2"
"592","zona 2"
"593","zona 2"
"686","zona 4"
"687","zona 4"
"688","zona 4"
"689","zona 4"
"690","zona 4"
"691","zona 4"
"692","zona 4"
"693","zona 4"
"694","zona 4"
"795","zona 4"
"796","zona 4"
"797","zona 4"
"798","zona 4"
"799","zona 4"
"800","zona 4"
"801","zona 4"
"802","zona 4"
"803","zona 4"
"912","zona 4"
"913","zona 4"
"915","zona 4"
"916","zona 4"
"917","zona 4"
"918","zona 4"
"919","zona 4"
"920","zona 4"